...1,channel,member_count,broadcast,id,timestamp,content,user_id,first_and_last_name,username,views,edit-date,replyToId,forward,forward_id,forward_msg_id,forward_date,URLs,media,hasComments,isComment,bot_url,parent,isDeleted
1821,@FairdenkenVorarlberg,NA,FALSE,5420,2022-10-31T18:27:40Z,"Livechat Montag 31. Oktober 2022 20 Uhr 
mit **Hannes Brejcha**ğŸ˜‰
ğŸ‘‰[ Hier](https://t.me/Fairdenkenoriginal) ğŸ‘ˆ",1321533955,NA,NA,7575,NA,NA,Fairdenkenoriginal,1576300107,1928,2022-10-30T18:59:32Z,https://t.me/Fairdenkenoriginal),MessageMediaPhoto,FALSE,FALSE,NA,NA,NA
19908,@EvaHermanOffiziell,NA,FALSE,108269,2022-09-22T12:29:34Z,"""Die Energiekrise trifft Privathaushalte mit voller Wucht: Die Gas- und Strompreise haben mittlerweile ein Rekordniveau erreicht. Ab 2023 mÃ¼ssen sich Verbraucherinnen und Verbraucher sogar auf eine Verdreifachung der AbschlÃ¤ge einstellen. Noch dazu beginnt bald die Heizsaison und viele Menschen stehen vor der Frage: Wie kann ich Energie einsparen?

Business Insider hat mit zehn jungen Menschen darÃ¼ber gesprochen, wie es ihnen in der Krise geht und wie sie Energie sparen. In den GesprÃ¤chen haben wir erfahren, dass sich die Verzweiflung bisher noch in Grenzen zu halten scheint â€“ vielmehr versuchen sie, kreative LÃ¶sungen zu finden.""

https://www.businessinsider.de/politik/deutschland/ich-will-mir-jetzt-einen-blumentopf-ofen-bauen-zehn-junge-menschen-geben-tipps-zum-energiesparen/",-1001325174315,NA,NA,31393,NA,NA,NA,NA,NA,NA,https://www.businessinsider.de/politik/deutschland/ich-will-mir-jetzt-einen-blumentopf-ofen-bauen-zehn-junge-menschen-geben-tipps-zum-energiesparen/,MessageMediaWebPage,FALSE,FALSE,NA,NA,NA
57181,@oliverjanich,NA,FALSE,56580,2021-03-18T10:14:18Z,"â—ï¸**BischÃ¶fe warnen: Impfstoff mit â€Zelllinien, die aus Abtreibungen stammenâ€œ

**Ende letzter Woche wurde mit dem Vektor-Impfstoff von Johnson & Johnson das vierte Corona-Vakzin in der EU zugelassen. Die Genehmigung in den USA erfolgte bereits einige Wochen zuvor â€“ und rief dort auch die katholische Kirche auf den Plan. Die ErzdiÃ¶zese von New Orleans erklÃ¤rte entsprechende Impfungen fÃ¼r â€moralisch kompromittiertâ€œ und verwies dabei auf die â€umfangreiche Verwendung von Zelllinien, die aus Abtreibungen stammenâ€œ.

https://www.compact-online.de/bischoefe-warnen-impfstoff-mit-zelllinien-die-aus-abtreibungen-stammen/",-1001218998207,NA,NA,35588,NA,NA,CompactMagazin,1177424903,6562,2021-03-17T09:21:47Z,https://www.compact-online.de/bischoefe-warnen-impfstoff-mit-zelllinien-die-aus-abtreibungen-stammen/,MessageMediaWebPage,FALSE,FALSE,NA,NA,NA
29415,@Kampf_fuer_unsere_Zukunft,NA,FALSE,1058,2021-05-16T09:32:09Z,"ğŸ’¥ğŸ’¥ğŸ’¥ Endlich wird die ganze Covid-19-Geschichte zur Akte fÃ¼r den Staatsanwalt. Verantwortungsbewusst sind Â»AnwÃ¤lte fÃ¼r AufklÃ¤rungÂ« dazu Ã¼bergegangen, mit zeitgemÃ¤ÃŸeren, gleichsam hÃ¤rteren Bandagen zu kÃ¤mpfen. Im Verbund mit dem geplagten Volk packen sie den berÃ¼hmten Stier jetzt direkt bei den HÃ¶rnern. VorgÃ¤ngig entlarvten sie den PCR-Test als einzig groÃŸen Grundlagen-Irrtum (= Betrug). Und dies zusammen mit wirklich Â»Pharma-Lobby-unabhÃ¤ngigen KoryphÃ¤enÂ« aus allen nÃ¶tigen HintergrÃ¼nden: hochgradige Virologen, Epidemiologen, Mikrobiologen, Ã„rzten usw.+

âœ“ www.kla.tv/18358

--------------------------------------------------

â¡ï¸â¡ï¸â¡ï¸ https://t.me/Kampf_fuer_unsere_Zukunft/1058

-------------------------------------------------",-1001427459854,NA,NA,392,2021-05-16T09:32:18Z,NA,NA,NA,NA,NA,"www.kla.tv/18358, https://t.me/Kampf_fuer_unsere_Zukunft/1058",MessageMediaDocument,FALSE,FALSE,NA,NA,NA
19183,@bleibtstark,NA,FALSE,16208,2020-12-04T18:03:15Z,"https://impfen-nein-danke.de/spanische-grippe


Herzlichen Dank fÃ¼r diese Zusendung ğŸ˜‰

@BlutgruppeQ",-1001279348750,NA,NA,4317,NA,NA,NA,NA,NA,NA,https://impfen-nein-danke.de/spanische-grippe,MessageMediaWebPage,FALSE,FALSE,NA,NA,NA
15726,@fragunsdochDasOriginal,NA,FALSE,9079,2021-07-17T06:26:15Z,https://youtu.be/SQYttHbELbE,-1001295549179,NA,NA,54823,NA,NA,NA,NA,NA,NA,https://youtu.be/SQYttHbELbE,MessageMediaWebPage,FALSE,FALSE,NA,NA,NA
5204,@Qanalwwg1wga,NA,FALSE,58340,2022-12-17T18:08:55Z,"Mike Lindell ist zurÃ¼ck auf Twitter ğŸ¿ğŸ”¥
ğŸ‘‡ğŸ½
https://twitter.com/realMikeLindell/status/1603846182455083009?t=TB4oUdbWHj6hzRHB9cB1Yg&s=19 

https://t.me/danijelsheran",-1001462426423,NA,NA,2070,2022-12-17T18:16:03Z,NA,danijelsheran,1155817917,34588,2022-12-16T20:47:16Z,"https://twitter.com/realMikeLindell/status/1603846182455083009?t=TB4oUdbWHj6hzRHB9cB1Yg&s=19, https://t.me/danijelsheran",MessageMediaPhoto,FALSE,FALSE,NA,NA,NA
2962,@Anwaelte_fuer_Aufklaerung,NA,FALSE,1624,2021-08-09T10:24:06Z,"Trotz steigender Inzidenzzahlen, zum Ende des Sommers hin, werden die DÃ¤nen ab Oktober ihre Freiheiten zurÃ¼ckerhalten. In Deutschland wird derweil der Druck auf die nicht geimpften BÃ¼rger erhÃ¶ht.

https://www.epochtimes.de/politik/ausland/daenemark-buerger-erhalten-ab-oktober-ihre-freiheiten-zurueck-a3572658.html?telegram=1

https://t.me/epochtimesde",-1001216785261,NA,NA,17427,NA,NA,epochtimesde,1359520990,24278,2021-08-09T10:20:00Z,"https://www.epochtimes.de/politik/ausland/daenemark-buerger-erhalten-ab-oktober-ihre-freiheiten-zurueck-a3572658.html?telegram=1, https://t.me/epochtimesde, https://www.epochtimes.de/politik/ausland/daenemark-buerger-erhalten-ab-oktober-ihre-freiheiten-zurueck-a3572658.htm",MessageMediaWebPage,FALSE,FALSE,NA,NA,NA
80119,@oliverjanich,NA,FALSE,32625,2020-08-10T18:48:38Z,https://youtu.be/lTntb1rXZNg,-1001218998207,NA,NA,31045,NA,NA,SchrangTV,1267554567,3442,2020-08-10T17:23:05Z,https://youtu.be/lTntb1rXZNg,MessageMediaWebPage,FALSE,FALSE,NA,NA,NA
1795,@rabbitresearch,NA,FALSE,9050,2022-09-29T10:13:06Z,"ğŸ§**Coolio kollabiert und stirbt mit 59 Jahren**
__plÃ¶tzlich und unerwartet__

Der US-Rapper Coolio, bekannt durch seinen Hit â€Gangstaâ€™s Paradiseâ€œ, setzt den mysteriÃ¶sen Trend vom urplÃ¶tzlichen Ableben ohne ersichtlichen Grund fort. Es geschah bei einem Freund zu Hause in L.A. - Ermittler konnten keine Suchtmittel im Haus finden.
Vor 5 Tagen teilte Coolio auf seinem Instagram-Account noch ein Video von seinem letzten Konzert, wo er absolut fit wirkte.
Dieser Post sollte auch sein letzter sein - dort kondolieren nun seine Fans und trauern.

ğŸ‘‰[Erst gestern wurde die FB-Gruppe â€Died Suddenly Newsâ€œ](https://t.me/rabbitresearch/9032), die sich mit genau diesem PhÃ¤nomen, des plÃ¶tzlichen Versterbens beschÃ¤ftigt, von der Plattfoprm gelÃ¶scht. Die deutsche FB-Gruppe ist noch online: [PlÃ¶tzlich und unerwartet](https://www.facebook.com/groups/420764533375426)

**Folge Rabbit Research** ğŸ‡ğŸ”
ğŸ‘‰**auf **[**telegram](http://t.me/rabbitresearch)** ğŸ‘‰**auf **[**substack](https://rabbitresearch.substack.com/)** ğŸ‘‰**auf** [**youtbe](https://www.youtube.com/c/RabbitResearch/videos)** ğŸ‘‰**auf** [**odyssee](https://odysee.com/@rabbitresearch:3)**",-1001411594255,NA,NA,134562,NA,NA,NA,NA,NA,NA,"https://t.me/rabbitresearch/9032),, https://www.facebook.com/groups/420764533375426), http://t.me/rabbitresearch)**, https://rabbitresearch.substack.com/)**, https://www.youtube.com/c/RabbitResearch/videos)**, https://odysee.com/@rabbitresearch:3)**",MessageMediaPhoto,FALSE,FALSE,NA,NA,NA
21174,@Haintz,NA,FALSE,10848,2021-07-14T18:44:49Z,ğŸ’¥â™ŸParis und Frankreich erwachtâ™ŸğŸ’¥,-1001387359927,NA,NA,24469,NA,NA,VickyTheRedSparrow,1569129567,350,2021-07-14T18:07:53Z,NA,MessageMediaPhoto,FALSE,FALSE,NA,NA,NA
7744,@bleibtstark,NA,FALSE,27899,2022-04-07T21:45:20Z,"Toller grosser BruderğŸ˜ğŸ¥°

**Bleib Stark abonnieren:
ğŸ‘‰ğŸ¼**https://t.me/bleibtstark",-1001279348750,NA,NA,13068,2022-04-07T21:46:47Z,NA,NA,NA,NA,NA,https://t.me/bleibtstark,MessageMediaDocument,FALSE,FALSE,NA,NA,NA
70945,@FreieLinke_CHAT,NA,FALSE,21135,2021-11-27T00:08:16Z,Sprich: uns nicht lenken und einsetzen lassen fÃ¼r UmsetzungsplÃ¤ne. Das bedarf genauerer Beleuchtung und ErklÃ¤rung vll. Schaff ich heute nicht mehr.,371831306,NA,NA,NA,NA,NA,NA,NA,NA,NA,NA,NoneType,FALSE,FALSE,NA,NA,NA
7765,@rosenbusch,NA,FALSE,7348,2022-01-13T21:09:57Z,"Brauchbarer Bild-Artikel, gute Zusammenfassung zu den VorwÃ¼rfen gegen Fauci. 

Ich bin mittlerweile fast von einem Laborursprung Ã¼berzeugt. Was denkt ihr?

https://m.bild.de/politik/ausland/politik-ausland/anthony-fauci-ist-bidens-berater-verschleierte-top-virologe-den-corona-ursprung-78810362.bildMobile.html

t.me/Rosenbusch",-1001455775270,NA,NA,57915,2022-01-13T21:10:10Z,NA,NA,NA,NA,NA,"https://m.bild.de/politik/ausland/politik-ausland/anthony-fauci-ist-bidens-berater-verschleierte-top-virologe-den-corona-ursprung-78810362.bildMobile.html, https://m.bild.de/politik/ausland/politik-ausland/anthony-fauci-ist-bidens-berater-verschleierte-top-virologe-den-corona-ursprung-78810362.bildMobile.htm",MessageMediaPhoto,FALSE,FALSE,NA,NA,NA
32163,@der17stammtisch,NA,FALSE,1886,2020-09-05T15:37:07Z,"FranzÃ¶sischer Pharmakonzern: Corona-Impfstoff von Sanofi soll unter zehn Euro kosten
https://www.google.com/amp/s/www.noz.de/deutschland-welt/gut-zu-wissen/artikel/2117375/corona-impfstoff-von-sanofi-soll-unter-zehn-euro-kosten%3Famp",-1001405570029,NA,NA,423,NA,NA,NA,NA,NA,NA,https://www.google.com/amp/s/www.noz.de/deutschland-welt/gut-zu-wissen/artikel/2117375/corona-impfstoff-von-sanofi-soll-unter-zehn-euro-kosten%3Famp,MessageMediaWebPage,FALSE,FALSE,NA,NA,NA
6947,@UnzensiertV2,NA,FALSE,15165,2022-09-13T16:14:10Z,"@unzensiert_infoseite

Noch einmal 67 Milliarden Euro â€“ Bund stellt weitere Hilfen fÃ¼r Energieunternehmen bereit:

Die Staatsbank KfW soll Energieversorger stÃ¤rker unterstÃ¼tzen. 

Damit die erforderlichen Milliarden zusammenkommen, will die Koalition Mittel aus dem Corona-Rettungsfonds umwidmen.

[Handelsblatt-Artikel](https://12ft.io/proxy?q=https%3A%2F%2Fapp.handelsblatt.com%2Fpolitik%2Fdeutschland%2Fenergiekrise-noch-einmal-67-milliarden-euro-bund-stellt-weitere-hilfen-fuer-energieunternehmen-bereit%2F28677602.html)  â¬…ï¸

Paywall ist entfernt da wichtiger Artikel den jeder lesen sollte.

(.....und Michel soll 300 Euro bekommen ğŸ¤£ğŸ¤£ğŸ¤£)
( ....man kÃ¶nnte jedem Deutschen ca. 1 Milliarde geben ğŸ˜ğŸ˜)

@unzensiert  / @unzensiertV2",-1001658054635,NA,NA,20569,2022-09-13T16:15:27Z,NA,NA,NA,NA,NA,https://12ft.io/proxy?q=https%3A%2F%2Fapp.handelsblatt.com%2Fpolitik%2Fdeutschland%2Fenergiekrise-noch-einmal-67-milliarden-euro-bund-stellt-weitere-hilfen-fuer-energieunternehmen-bereit%2F28677602.htm,MessageMediaPhoto,FALSE,FALSE,NA,NA,NA
28558,@coronaRebellenVlbg,NA,FALSE,18875,2020-11-27T17:38:30Z,"Hallo [leily](tg://user?id=1010019127), um aktiv an dieser Gruppe teilnehmen zu kÃ¶nnen, bitte ich dich, den unten stehenden Button zu drÃ¼cken. Somit wissen alle in der Gruppe, dass du wirklich echt bist und kein Bot, der die Gruppe zuspammt.",722670708,NA,NA,NA,NA,NA,NA,NA,NA,NA,NA,NoneType,FALSE,FALSE,NA,NA,NA
5549,@MeineDNEWS,NA,FALSE,19830,2022-08-12T07:59:46Z,"**DIE ""INTENSIV-SCHWESTERIN""

FÃœR DIESE ""GLANZLEISTUNG"" GEBÃœHRT DEM WDR DER TITEL ""SPRACHPANSCHER DES JAHRES""**!

---------------
ABONNIEREN SIE BITTE
UNSEREN TELEGRAM KANAL:
HTTPS://T.ME/MEINEDNEWS
---------------",-1001486169529,NA,NA,6440,2022-08-12T07:59:49Z,NA,NA,NA,NA,NA,NA,MessageMediaDocument,FALSE,FALSE,NA,NA,NA
52060,@FreieLinke_CHAT,NA,FALSE,42778,2022-02-06T19:28:48Z,"Ersetze das Wort ""Rom"" mit "", RevolutionÃ¤re"" in nÃ¤chsten Film.
Siehe die Ãœbersetzung. Irgendwie rÃ¼hrt mich.",1038428727,NA,NA,NA,NA,42684,NA,NA,NA,NA,NA,NoneType,FALSE,FALSE,NA,NA,NA
3300,@philippkruse,NA,FALSE,5783,2022-08-03T14:14:00Z,"**Die Kunst der fortgesetzten IrrefÃ¼hrung durch hÃ¶chste Instanzen:  
**Welcher Moderna-Inhaltsstoff soll der Ã–ffentlichkeit vorenthalten werden? Und warum? Schutz der Ã¶ffentlichen Gesundheit?

Untenstehende SchwÃ¤rzung in der Liste der Moderna-Inhaltsstoffe beweist, dass der Bund eine umfassende AufklÃ¤rung Ã¼ber die Inhaltsstoffe und Ã¼ber die damit verbundenen Risiken noch immer AKTIV verhindert. ğŸ‘‡ğŸ»ğŸ‘‡ğŸ»",-1001432345705,NA,NA,30127,2022-08-03T14:34:26Z,NA,NA,NA,NA,NA,NA,NoneType,FALSE,FALSE,NA,NA,NA
1397,@COVID_19_ungeimpft_oesterreich,NA,FALSE,2362,2022-04-23T12:56:21Z,"https://digitales.wien.gv.at/projekt/kultur-token/

Warum wundert es niemanden, dass das erste Social Credit System Europas in Wien aktiviert wird ? 
Bist du ein braver grÃ¼ner BÃ¼rger , darfst du gratis in Kultureinrichtungen , die selbstverstÃ¤ndlich auch aus dem  Steuergeld der "" BÃ¶sen "" bezahlt werden  ? 

Und die Bessermenschen freuen sich Ã¼ber den "" tollen Fortschritt "" ğŸ¤¦â€â™€ï¸ğŸ¤¦â€â™‚ï¸",934207227,NA,NA,24861,NA,NA,gema1963,1214454786,2144,2022-04-23T10:34:18Z,https://digitales.wien.gv.at/projekt/kultur-token/,MessageMediaWebPage,FALSE,FALSE,NA,NA,NA
10464,@bleibtstark,NA,FALSE,25135,2021-12-05T19:10:01Z,"**Ungeimpfte dÃ¼rfen im Winter trotz strenger 2G-Regeln im Einzelhandel einen Weihnachtsbaum kaufen.


Vielen Dank, wenigstens etwasğŸ¤¦â€â™€ğŸ¤¦ğŸ¤¦â€â™‚

****https://www.express.de/nrw/2g-in-nrw-duerfen-ungeimpfte-weihnachtsbaum-kaufen-81532**

**Bleib Stark abonnieren:
ğŸ‘‰ğŸ¼**https://t.me/bleibtstark",-1001279348750,NA,NA,13674,2021-12-05T19:10:04Z,NA,NA,NA,NA,NA,"https://www.express.de/nrw/2g-in-nrw-duerfen-ungeimpfte-weihnachtsbaum-kaufen-81532**, https://t.me/bleibtstark",MessageMediaPhoto,FALSE,FALSE,NA,NA,NA
3485,@rppinstitut,NA,FALSE,2401,2021-08-19T09:12:27Z,Zum Schmunzeln ğŸ˜‚,-1001302259371,NA,NA,51624,2021-09-10T19:08:46Z,NA,NA,NA,NA,NA,NA,MessageMediaPhoto,FALSE,FALSE,NA,NA,NA
33799,@Christusbewusstsein,NA,FALSE,85139,2022-03-25T16:13:07Z,"ğŸ‡·ğŸ‡ºğŸ‡ºğŸ‡¦ Azov trying to hide from the liberated areas of Mariupol in the industrial zone of Azovstal were destroyed.  In residential areas, they can no longer repulse the Russian military, so they hastily leave their positions and head to the territory of the metallurgical plant by detours.  This is where the Chechen fighters are waiting for them.",-1001375638720,NA,NA,789,2022-03-25T16:14:45Z,NA,intelslava,1310984791,23523,2022-03-25T16:12:35Z,NA,MessageMediaDocument,FALSE,FALSE,NA,NA,NA
28585,@corona_widerstand_at_de_ch,NA,FALSE,209539,2023-01-25T08:12:59Z,NA,2125835437,NA,NA,NA,NA,NA,NA,NA,NA,NA,NA,MessageMediaPhoto,FALSE,FALSE,NA,NA,NA
7100,Pflegepersonal,NA,FALSE,26292,2022-03-10T16:39:59Z,"**â€¼ï¸â€¼ï¸ ACHTUNG: BITTE DAS VIDEO SCHNELL SICHERN UND DOWNLOADEN - WIRD VERMUTLICH SCHNELL GELÃ–SCHT! UNSER EIGENER SERVER WIRD AKTUELL LEIDER ANGEGRIFFEN! DANKE FÃœR EUER VERSTÃ„NDNIS**! â€¼ï¸â€¼ï¸

https://www.youtube.com/watch?v=4j5uqP-Jslg",-1001262560111,NA,NA,237,2022-03-10T16:40:02Z,NA,Unknown,Unknown,NA,2022-03-10T15:15:12Z,https://www.youtube.com/watch?v=4j5uqP-Jslg,MessageMediaWebPage,FALSE,FALSE,NA,NA,NA
67563,@FreieLinke_CHAT,NA,FALSE,25017,2021-12-11T15:45:50Z,"Der sagt ganz offen 10 Jahre das steht auch im GG so drin, so lange werden die Massnahmen laufen bis zum 31.12.2030.",594409026,NA,NA,NA,2021-12-11T15:46:17Z,25016,NA,NA,NA,NA,NA,NoneType,FALSE,FALSE,NA,NA,NA
362,@Demotermine,NA,FALSE,92306,2023-04-01T12:50:31Z,"8000 Abospecial Teil 2 , Jamel , 1.04.23 â€” Weichreite TV
https://youtu.be/uOGlCO8uEXY 28:41

ğ™•ğ™ªğ™¨ğ™–ğ™¢ğ™¢ğ™šğ™£ ğ™¬ğ™ğ™§ğ™ ğ™šğ™£.

ğŸ‘‰ [Ãœbersicht](https://t.me/Demotermine/19006) ğŸ‘‰ [Termine einsenden](http://t.me/Terminverteiler_Bot)
ğŸ‘‰ [LÃ¤ndergruppen](https://t.me/Demotermine/30997) ğŸ‘‰ [Alle Spazis](https://t.me/Demotermine/46108)

**Nichts verpassen ğŸ“† ****@Demotermine**",-1001250288610,NA,NA,1917,2023-04-01T13:14:45Z,NA,NA,NA,NA,NA,"https://youtu.be/uOGlCO8uEXY, https://t.me/Demotermine/19006), http://t.me/Terminverteiler_Bot), https://t.me/Demotermine/30997), https://t.me/Demotermine/46108)",MessageMediaPhoto,FALSE,FALSE,NA,NA,NA
19963,@freielinkeaustria,NA,FALSE,49286,2022-04-07T10:54:32Z,"Ich kann dir bei allem nur recht geben! Seit 2020 haben sich die Zeiten geÃ¤ndert und sie werden sich weiterhin Ã¤ndern. Das Etablierte wird zerfallen (egal wann aber sicher) und alle die noch mit reiten zÃ¤hlt man jetzt einfach mal zu Zombies die sowieso keinen Einfluss mehr haben auf unsere Revolution die bereits im Gange ist. Kurz zusammengefasst fÃ¼r mich die wichtigsten Punkte: 

Never back down, Alternativen aufzeigen und helfen dabei diese umzusetzen oder beizubringen bzw. werben, keine aufmerksamkeit den blendern und boykotts wodurch wiederum alternativen entstehen und diese konsequent versuchen umzusetzen.",1360750,NA,NA,NA,NA,49279,NA,NA,NA,NA,NA,NoneType,FALSE,FALSE,NA,NA,NA
22334,@Demotermine,NA,FALSE,69301,2022-08-20T17:05:46Z,NA,-1001250288610,NA,NA,1441,2022-08-20T17:05:49Z,NA,bettinagorzolla,1143947209,16134,2022-08-20T14:37:12Z,NA,MessageMediaPhoto,FALSE,FALSE,NA,NA,NA
30224,@freielinkechat,NA,FALSE,76446,2021-09-27T15:16:30Z,nur die dÃ¼mmsten kÃ¤lber...,1030588755,NA,NA,NA,NA,76445,NA,NA,NA,NA,NA,NoneType,FALSE,FALSE,NA,NA,NA
19193,@bleibtstark,NA,FALSE,16198,2020-12-04T13:35:10Z,"ğŸ“Œ Reminder Glaubst du Merkel ist ein Zufall?

3 Year Delta

190

USA gegen
Notwendig, um die Verbindungen zu bÃ¶sartigen, auslÃ¤ndischen Akteuren zu trennen. 
Notwendig, um eine weltweite BÃ¼ndnis fÃ¼r deren BekÃ¤mpfungen zu schaffen.
Glaubst du Merkel ist ein Zufall?
Sie sind Marionetten.
Sie sind schwach.
Sie haben Angst.
80% versteckte Operationen notwendig.
20% Ã¶ffentlich fÃ¼r die Gerechtigkeit.
Die Voraussetzungen mÃ¼ssen geschaffen werden.
Habe Vertrauen.
17

t.me/qpluswatnn",-1001279348750,NA,NA,2994,NA,NA,qnet17,1451292425,39190,2020-11-22T04:51:13Z,NA,MessageMediaPhoto,FALSE,FALSE,NA,NA,NA
32472,@EvaHermanOffiziell,NA,FALSE,95437,2022-05-28T19:28:15Z,"**SupermÃ¤rkte Wird es jetzt richtig teuer? Warnung vor PreissprÃ¼ngen â€von ungekanntem AusmaÃŸâ€œ

**""Wird es jetzt erst so richtig teuer in den SupermÃ¤rkten? Der Bauernverband hat eine drastische Warnung an die Politik gerichtet. Die Preisspirale sei kaum noch aufzuhalten.""

https://amp.express.de/ratgeber/verbraucher/supermaerkte-warnung-preisspruenge-von-ungekanntem-ausmass-97927#amp_tf=Von%20%251%24s&aoh=16537636052452&csi=0&referrer=https%3A%2F%2Fwww.google.com",-1001325174315,NA,NA,44102,NA,NA,NA,NA,NA,NA,https://amp.express.de/ratgeber/verbraucher/supermaerkte-warnung-preisspruenge-von-ungekanntem-ausmass-97927#amp_tf=Von%20%251%24s&aoh=16537636052452&csi=0&referrer=https%3A%2F%2Fwww.google.com,MessageMediaWebPage,FALSE,FALSE,NA,NA,NA
64435,@EvaHermanOffiziell,NA,FALSE,61243,2021-08-02T17:42:47Z,"Leserzuschrift

Ihr Lieben, 

ich bin vÃ¶llig entsetzt. 
Tik Tok spricht ja hauptsÃ¤chlich junge Menschen an , hier wird man auch zur Impfung gelenkt ... 
Mit allen Mitteln und unseren Steuergeldern ğŸ˜‘

https://vm.tiktok.com/ZMd3HN7U1/",-1001325174315,NA,NA,42374,NA,NA,NA,NA,NA,NA,https://vm.tiktok.com/ZMd3HN7U1/,NoneType,FALSE,FALSE,NA,NA,NA
37127,@CNconspiracynewsroom,NA,FALSE,30678,2021-10-23T09:59:35Z,NA,-1001473506806,NA,NA,1820,2021-10-23T09:59:11Z,NA,NA,NA,NA,NA,NA,MessageMediaPhoto,FALSE,FALSE,NA,NA,NA
97240,@oliverjanich,NA,FALSE,14665,2019-09-27T18:12:16Z,"""Sexualwissenschaftler VoÃŸ berichtete, dass es in Teilen Afghanistans verbreitet sei, dass Ã¤ltere MÃ¤nner mit Kindern Sex hÃ¤tten."" Solche Erkenntnisse kommen nun auch bei ""SexualpÃ¤dagogen und Integrationsbeauftragten"" an, sie fordern ""mehr sexuelle Bildung"" https://t.co/a5LzM4DPes",-1001218998207,NA,NA,9,NA,NA,einzelfallinfos,1244422355,32373,2019-09-27T08:25:28Z,https://t.co/a5LzM4DPes,MessageMediaWebPage,FALSE,FALSE,NA,NA,NA
108932,@SchubertsLM,NA,FALSE,938,2020-11-11T09:03:08Z,"Dramatische Szenen an der innerdeutschen Grenze: Die Polizei in Mecklenburg-Vorpommern hinderte ""Querdenker"" an der Einreise in das Bundesland zu einer Demo, es kam zu einem stundenlagen Politthriller in der Provinz in kalter Nacht, den 80.000 live via Stream verfolgten. https://www.reitschuster.de/post/mecklenburg-vorpommern-verwehrt-querdenkern-einreise/",-1001355822849,NA,NA,135,NA,NA,reitschusterde,1279658981,715,2020-11-10T21:10:57Z,https://www.reitschuster.de/post/mecklenburg-vorpommern-verwehrt-querdenkern-einreise/,MessageMediaWebPage,FALSE,FALSE,NA,NA,NA
2905,@Qanalwwg1wga,NA,FALSE,60677,2023-02-03T05:11:18Z,"Putin: â€Und so werden wir heute wieder von deutschen Panzern bedrohtâ€œ

t.me/Q_Faktor_Germany",-1001462426423,NA,NA,3876,2023-02-03T05:21:06Z,NA,Q_Faktor_Germany,1288383043,32649,2023-02-02T22:38:26Z,NA,MessageMediaDocument,FALSE,FALSE,NA,NA,NA
83384,@oliverjanich,NA,FALSE,29195,2020-06-28T09:32:54Z,"**Impfempfehlungen verfassungswidrig**
__Die Impfempfehlungen der STIKO und des RKI sind verfassungswidrig, wie auch der Verfassungsrechtler Prof. RÃ¼diger Zuck attestierte.
Dieses Video sollte jeder gesehen haben.__

https://youtu.be/1D-k93JimcQ

ğŸ‘http://viaveto.de/impfempfehlungen.html",-1001218998207,NA,NA,244,NA,NA,Corona_Fakten,1378347648,143,2020-06-28T05:57:53Z,"https://youtu.be/1D-k93JimcQ, http://viaveto.de/impfempfehlungen.htm",MessageMediaWebPage,FALSE,FALSE,NA,NA,NA
117657,@EvaHermanOffiziell,NA,FALSE,3127,2019-12-28T02:04:49Z,"Ganz ekelerregender Vorgang: 

Der WDR fÃ¼hrt kleine Kinder vor laufender Kamera vor - sie schnattern politisch korrekt nach, was das System ihnen in Abwesenheit der arbeitenden Eltern eintrichterte:

MEINE OMA IST NE ALTE UMWELTSAU!!!

Bitte Video ansehen",-1001325174315,NA,NA,2570,2019-12-28T02:05:21Z,NA,NA,NA,NA,NA,NA,NoneType,FALSE,FALSE,NA,NA,NA
14430,@impfschaeden_nebenwirkungen,NA,FALSE,56152,2021-12-21T15:36:27Z,"ğŸŒ¿ Olivenblatt Extrakt - Standard 50% - 100 ml - von Unimedica - Sonderangebot kurze Haltbarkeit - Sonderangebot kurze Haltbarkeit ğŸŒ¿ 

Verzehrempfehlung:

2Â x 7,5 ml bisÂ 1 xÂ 15 ml Â vor den Mahlzeiten einnehmen.

Jetzt - 55% sparen ğŸ‘‰ https://www.narayana-verlag.de/Olivenblatt-Extrakt-Standard-50-100-ml-von-Unimedica-Sonderangebot-kurze-Haltbarkeit-Sonderangebot-kurze-Haltbarkeit/b29028/partner/Feiel 



Abonniere uns 
ğŸ‘‡
https://t.me/gesundheitstipps_at

Infochat 
ğŸ‘‡
https://t.me/gesundheittipps",738987492,NA,NA,8016,NA,NA,gesundheitstipps_at,1389454222,280,2021-12-21T15:33:00Z,"https://www.narayana-verlag.de/Olivenblatt-Extrakt-Standard-50-100-ml-von-Unimedica-Sonderangebot-kurze-Haltbarkeit-Sonderangebot-kurze-Haltbarkeit/b29028/partner/Feiel, https://t.me/gesundheitstipps_at, https://t.me/gesundheittipps",MessageMediaPhoto,FALSE,FALSE,NA,NA,NA
137935,@corona_widerstand_at_de_ch,NA,FALSE,68870,2022-04-13T07:20:29Z,"HÃ¶rt mal was das RKI sagt  â—ï¸

Masken und Desinfektionsmittel sind unnÃ¼tz  â—ï¸

Verbreitet es, damit es Jeder  Mensch auf Erden hÃ¶rt, was sie sagen  â—ï¸

Das sollte jeder gehÃ¶rt haben und auf dem Handy gespeichert lassen  â—ï¸

Danke an :
 t.me/frieden_rockt_offiziell

Mein Telegram Kanal :
 â¬‡ï¸â¬‡ï¸â¬‡ï¸â¬‡ï¸â¬‡ï¸â¬‡ï¸â¬‡ï¸â¬‡ï¸â¬‡ï¸
 https://t.me/KoronaKarlo",1612818514,NA,NA,162837,NA,NA,KoronaKarlo,1583635194,1140,2022-03-28T08:12:13Z,https://t.me/KoronaKarlo,MessageMediaDocument,FALSE,FALSE,NA,NA,NA
13794,@oesterreichsperrtauf2,NA,FALSE,32341,2022-08-11T12:34:25Z,MessermÃ¤nner: Der Tat ging offenbar ein Streit in einer grÃ¶ÃŸeren Personengruppe voraus: Ein 26-JÃ¤hriger soll in Solingen auf einen 31-JÃ¤hrigen eingestochen haben. Reanimationsversuche blieben erfolglos. Wieder einer Tot. TÃ¤glich grÃ¼sst das Murmeltier. Deutschland 2024 ğŸ¥³ğŸ¥³ğŸ¥³https://www.spiegel.de/panorama/justiz/solingen-26-jaehriger-soll-mann-auf-offener-strasse-erstochen-haben-a-7252009b-5be3-48d7-b694-8a9cbb8bcb91,1450616620,NA,NA,0,NA,NA,allesau,1450268222,34838,2022-08-11T12:33:01Z,https://www.spiegel.de/panorama/justiz/solingen-26-jaehriger-soll-mann-auf-offener-strasse-erstochen-haben-a-7252009b-5be3-48d7-b694-8a9cbb8bcb91,MessageMediaWebPage,FALSE,FALSE,NA,NA,NA
75584,@Christusbewusstsein,NA,FALSE,39539,2021-03-15T20:51:46Z,"B17News
DIGITAL SOLDIERSâ€¼ï¸WWG1WGAâ€¼ï¸
https://t.me/lichtanonsmensch",-1001375638720,NA,NA,2988,NA,NA,NA,NA,NA,NA,https://t.me/lichtanonsmensch,MessageMediaDocument,FALSE,FALSE,NA,NA,NA
36240,@FreieLinke_CHAT,NA,FALSE,60056,2022-04-20T07:27:41Z,https://mattel.de/unsere-marken/scrabble-genderstein/                                                       Hier kÃ¶nnt ihr euch kostenlos einen Genderstein bestellen...,845520560,NA,NA,NA,NA,NA,NA,NA,NA,NA,https://mattel.de/unsere-marken/scrabble-genderstein/,MessageMediaWebPage,FALSE,FALSE,NA,NA,NA
21465,Mad_In_Germany,NA,FALSE,892,2020-12-12T10:02:53Z,FleiÃŸiges Framing im Radio ğŸ¤“,-1001100528049,NA,NA,269,NA,NA,FaktenFriedenFreiheit,1196000400,6279,2020-12-12T10:01:03Z,NA,MessageMediaDocument,FALSE,FALSE,NA,NA,NA
3236,@geroldbeneder,NA,FALSE,6080,2022-05-29T21:35:50Z,NA,-1001489987192,NA,NA,16350,2022-05-29T21:36:09Z,NA,NA,NA,NA,NA,NA,MessageMediaDocument,FALSE,FALSE,NA,NA,NA
109524,@SchubertsLM,NA,FALSE,276,2020-09-25T15:37:41Z,https://jungefreiheit.de/kultur/gesellschaft/2020/fridays-for-future-aussteiger/,-1001355822849,NA,NA,143,NA,NA,NA,NA,NA,NA,https://jungefreiheit.de/kultur/gesellschaft/2020/fridays-for-future-aussteiger/,MessageMediaWebPage,FALSE,FALSE,NA,NA,NA
76372,@SchubertsLM,NA,FALSE,34992,2021-09-23T08:26:46Z,"Das groÃŸe Buch der Selbstversorgung 

ğŸ’¥Neuerscheinung!ğŸ’¥

Das ultimative Standardwerk zur Selbstversorgung begleitet Sie mit detaillierten Schritt-fÃ¼r-Schritt-Anleitungen und Ã¼ber 1.000 frischen Abbildungen auf Ihrem Weg in ein umweltbewusstes Leben - egal ob in der Stadtwohnung, im Vorort-Haus oder auf dem lÃ¤ndlichen Hof. 

Dabei werden die Themen vom GemÃ¼seanbau Ã¼ber Tierhaltung bis Energiegewinnung mit all ihren Facetten umfassend beleuchtet.  

- Autark leben in allen Lebenslagen - sowohl in der Stadt mit wenig Platz als auch auf dem Land. 

- Detaillierte Anleitungen zu den wichtigsten Selbstversorger-Themen: Obst, KrÃ¤uter und GemÃ¼se anbauen, Hobby-Imkern, Tierhaltung, Abfallvermeidung, Energie sparen

- Einfach umsetzbare Tipps mit Ã¼ber 1.000 Fotos und Illustrationen.  

https://c.kopp-verlag.de/kopp,verlag_4.html?1=383&3=0&4=&5=&d=https%3A%2F%2Fwww.kopp-verlag.de%2FDas-grosse-Buch-der-Selbstversorgung.htm%3Fwebsale8%3Dkopp-verlag%26pi%3DA6749067%26ci%3D%2524_AddOn_%2524",-1001355822849,NA,NA,3239,NA,NA,SchubertsLM,1355822849,25237,2021-07-23T20:00:31Z,"https://c.kopp-verlag.de/kopp,verlag_4.html?1=383&3=0&4=&5=&d=https%3A%2F%2Fwww.kopp-verlag.de%2FDas-grosse-Buch-der-Selbstversorgung.htm%3Fwebsale8%3Dkopp-verlag%26pi%3DA6749067%26ci%3D%2524_AddOn_%2524, https://c.kopp-verlag.de/kopp,verlag_4.htm",MessageMediaPhoto,FALSE,FALSE,NA,NA,NA
412,@oliverjanich,NA,FALSE,116051,2023-03-23T20:45:35Z,"'Offensichtlich haben sich die GrÃ¼nen von Naturschutz und Artenschutz verabschiedet. Sie sind dabei, die Umwelt und die Landschaft massiv zu zerstÃ¶ren. Das ist ein totaler Irrweg.'

WELT-Herausgeber Stefan Aust

https://twitter.com/tomdabassman/status/1638831335778205696?t=IXsWbTCR0tnmHDQjS7Ptlg&s=19

Danke an ğŸ¤ https://t.me/tomdabassman

Noch dazu...

[Das Schicksal von etwaÂ 120.000 BÃ¤umen im ReinhardswaldÂ ist besiegelt. Ab 2020 wird ein Teil desÂ bis zu 800 Jahre alten WaldesÂ , dem MÃ¤rchenwald der BrÃ¼der Grimm, abgeholzt werden, damit dort 20 Windkraftanlagen errichtet werden kÃ¶nnen. MaÃŸgeblich beteiligt an diesem Raubbau an der Natur sind die GrÃ¼nen, die sich selbst sonst so gerne als UmweltschÃ¼tzer darzustellen versuchen.Â ](https://www.regenwald-hilfe.de/abholzung-im-reinhardswald)

**Bleib Stark abonnieren:
ğŸ‘‰ğŸ¼**https://t.me/bleibtstark",-1001218998207,NA,NA,18103,NA,NA,bleibtstark,1279348750,35641,2023-03-23T09:34:01Z,"https://twitter.com/tomdabassman/status/1638831335778205696?t=IXsWbTCR0tnmHDQjS7Ptlg&s=19, https://t.me/tomdabassman, https://www.regenwald-hilfe.de/abholzung-im-reinhardswald), https://t.me/bleibtstark",MessageMediaDocument,FALSE,FALSE,NA,NA,NA
11633,@der17stammtisch,NA,FALSE,23743,2021-05-17T21:39:46Z,"17.05.2021 - 22:11 Uhr
Wurde Lady Diana (â€ 36) 1995 von Journalist Martin Bashir (58) gezielt manipuliert, damit sie ihm ein Interview gibt? Und wenn ja, wer wusste von den Machenschaften?

Diese Fragen sollen Ende der Woche endlich beantwortet werden! Eine interne Untersuchung bei der BBC wurde durchgefÃ¼hrt, der Bericht ist abgeschlossen â€“ und laut BILD-Informationen ist die Stimmung im Sender jetzt schon angespannt.",-1001405570029,NA,NA,4264,NA,NA,NA,NA,NA,NA,NA,MessageMediaPhoto,FALSE,FALSE,NA,NA,NA
24011,@Haintz,NA,FALSE,7875,2021-05-01T18:24:43Z,Biberach mit GrÃ¼ÃŸen an Professor Balensiefen,-1001387359927,NA,NA,48052,2021-05-01T18:24:57Z,NA,NA,NA,NA,NA,NA,MessageMediaPhoto,FALSE,FALSE,NA,NA,NA
84676,@freielinkechat,NA,FALSE,8735,2021-01-01T17:44:43Z,"und warum kann man die lÃ¤nder dann nicht einfach in ruhe lassen? oder dafÃ¼r sorgen, daÃŸ unsere ""hilfs""organisationen die lÃ¤nder in ruhe lassen?",850459948,NA,NA,NA,NA,NA,NA,NA,NA,NA,NA,NoneType,FALSE,FALSE,NA,NA,NA
53696,@EvaHermanOffiziell,NA,FALSE,72897,2021-11-23T16:17:33Z,Netzfund,-1001325174315,NA,NA,49378,NA,NA,NA,NA,NA,NA,NA,MessageMediaPhoto,FALSE,FALSE,NA,NA,NA
11956,Mad_In_Germany,NA,FALSE,10825,2022-03-03T16:02:29Z,"Corona-Diktatur erneut von Gericht abgewatscht: 14 Mitarbeiterinnen zu Unrecht entlassen!

Erneuter RÃ¼ckschlag fÃ¼r die Corona-Diktatur: 14 Mitarbeiterinnen der Klinik Hietzing wurden Anfang 2021 fristlos entlassen, weil sie gegen die sinnbefreiten Corona-MaÃŸnahmen verstoÃŸen hatten. Diese Entlassungen erfolgten allerdings zu Unrecht, wie nun das Oberlandesgericht (OLG) Wien urteilte. Es bestÃ¤tigte damit die Entscheidung des Arbeits- und Sozialgerichtes vom vergangenen November. Einmal mehr zeigt sich: Wer sich der Obrigkeit in Bezug auf die Sinnlos-MaÃŸnahmen nicht einfach beugt, sondern um sein Recht kÃ¤mpft, hat auch Ã¤uÃŸerst gute Chancen, sich vor Gericht gegen das Unrechts-Regime durchzusetzen.
Zu behandeln, als hÃ¤tte es keine Entlassung gegeben

Der juristische ErfÃ¼llungsgehilfe der Stadt Wien und des Wiener Gesundheitsverbunds dÃ¼rfte wohl recht zerknirscht gewesen sein, als die Rechtsmittel gegen das erstinstanzliche Urteil des Arbeitsgerichtes am Mittwoch abgewiesen wurden. Wie Wochenblick berichtete, hatte das Arbeits- und Sozialgericht im November des Vorjahres das Vorliegen eines Entlassungs- wie auch eines KÃ¼ndigungsgrundes verneint. Durch das aktuelle Urteil â€sind die Betroffenen so zu behandeln, als hÃ¤tte es die Entlassung nicht gegebenâ€œ, stellte der Anwalt fest.
Stadt Wien drehte wegen harmloser Abschiedsfeier komplett durch

Der Grund fÃ¼r die Ã¼berschieÃŸende Aktion der Stadt war, dass es die Mitarbeiterinnen der Klinik gewagt hatten, in ihrer Mittagspause eine Kollegin im kleinen Rahmen zu verabschieden. Abstandsregeln und Maskenpflicht wurden dabei nicht allzu genau genommen, wie Fotos, die im Spital bekannt wurden, zeigen sollen. Der Dienstgeber, die Stadt Wien, griff rigoros durch und stellte die 17 betroffenen Mitarbeiterinnen vor die Wahl: Fristlose KÃ¼ndigung oder einvernehmliche AuflÃ¶sung des ArbeitsverhÃ¤ltnisses â€“ letzteres allerdings verbunden mit dem Verzicht auf AbfertigungsansprÃ¼che. 

Quelle: https://www.wochenblick.at/corona/corona-diktatur-erneut-von-gericht-abgewatscht-14-mitarbeiterinnen-zu-unrecht-entlassen/",-1001100528049,NA,NA,7005,2022-03-03T16:06:35Z,NA,NA,NA,NA,NA,https://www.wochenblick.at/corona/corona-diktatur-erneut-von-gericht-abgewatscht-14-mitarbeiterinnen-zu-unrecht-entlassen/,MessageMediaWebPage,FALSE,FALSE,NA,NA,NA
23099,@doomsday_austria,NA,FALSE,14256,2021-02-10T11:14:55Z,"ohh, ich war voreillig...ğŸ˜³",800346958,NA,NA,NA,NA,14255,NA,NA,NA,NA,NA,NoneType,FALSE,FALSE,NA,NA,NA
45943,@Qanalwwg1wga,NA,FALSE,15827,2020-12-18T14:48:50Z,https://twitter.com/disclosetv/status/1339944499229978627?s=19,-1001462426423,NA,NA,911,NA,NA,DigitalSoldiersGermanyNews,1262802047,11715,2020-12-18T14:47:50Z,https://twitter.com/disclosetv/status/1339944499229978627?s=19,MessageMediaPhoto,FALSE,FALSE,NA,NA,NA
2013,@der_impulsgeber,NA,FALSE,2139,2022-05-24T16:30:44Z,"Ja genau ğŸ¤¡

Sind sich fÃ¼r nichts zu schade, oder?

**Jetzt den Kanal abonnieren** ğŸ”¥
â¡ï¸ t.me/DER_IMPULSGEBER ğŸ’¡",-1001489771990,NA,NA,10912,2022-05-24T16:31:22Z,NA,NA,NA,NA,NA,NA,MessageMediaPhoto,FALSE,FALSE,NA,NA,NA
15491,@fragunsdochDasOriginal,NA,FALSE,9353,2021-07-22T06:37:54Z,https://www.infranken.de/lk/fuerth/landkreis-fuerth-us-armee-kuendigt-manoever-mit-zwoelf-hubschraubern-an-art-5037041?fbclid=IwAR0CAIz2KmixHCml7HTypc9KkOJfpFQj4oBSr95Wjw-_o8TsM3Tlid6e7nY,-1001295549179,NA,NA,77341,NA,NA,Unknown,Unknown,NA,2020-07-18T14:26:16Z,https://www.infranken.de/lk/fuerth/landkreis-fuerth-us-armee-kuendigt-manoever-mit-zwoelf-hubschraubern-an-art-5037041?fbclid=IwAR0CAIz2KmixHCml7HTypc9KkOJfpFQj4oBSr95Wjw-_o8TsM3Tlid6e7nY,MessageMediaWebPage,FALSE,FALSE,NA,NA,NA
15542,@MeineDNEWS,NA,FALSE,9328,2021-10-19T08:40:09Z,"**HEUTE SCHWEFELDIOXIDWOLKE 
ÃœBER DEUTSCHLAND !

... MIT GRÃœÃŸEN VOM VULKAN AUS LAS PALMAS, DER SICH KEINEN DRECK UMS ""KLIMA"" SCHERT.

GRETA EIGENTLICH SCHON MIT **
**PLAKAT ZU IHM UNTERWEGS?**

https://www.youtube.com/watch?v=zdU19W1BqGg

â€”â€”â€”â€”â€”â€”â€”â€”â€”â€”
Abonnieren Sie unseren Telegram-Kanal: https://t.me/MeineDNEWS
â€”â€”â€”â€”â€”â€”â€”â€”â€”â€”",-1001486169529,NA,NA,4615,2021-10-19T08:39:17Z,NA,NA,NA,NA,NA,"https://www.youtube.com/watch?v=zdU19W1BqGg, https://t.me/MeineDNEWS",MessageMediaWebPage,FALSE,FALSE,NA,NA,NA
14709,@freielinke,NA,FALSE,2601,2021-05-26T10:09:38Z,https://www.corodok.de/spahn-nur-ein-bisschen-auslaenderfeindlich/,-1001354830331,NA,NA,1089,NA,NA,corodok,1190642040,4570,2021-05-25T21:41:45Z,https://www.corodok.de/spahn-nur-ein-bisschen-auslaenderfeindlich/,MessageMediaWebPage,FALSE,FALSE,NA,NA,NA
20663,@SchubertsLM,NA,FALSE,92509,2022-10-25T06:28:11Z,"**Habeck Ã¼berfordert: Gaspreisbremse vor MÃ¤rz â€nicht umzusetzenâ€œ**

**Keine Entlastung im Winter: Laut Wirtschaftsminister Robert Habeck kommt die Gaspreisbremse erst im MÃ¤rz 2023!

â€Die Entlastung beim Strompreis muss in jedem Fall spÃ¤testens im Januar einsetzen. Darauf zielen wirâ€œ â€“ beim Gas sei das nicht mÃ¶glich, so Habeck mit Verweis auf die Gaskommission.

Habeck hofft auf gutes Wetter â€“ und die Gaskommission
**
Stattdessen hofft der Wirtschaftsminister auf gutes Wetter und eine Gaskommission, der noch irgendetwas einfÃ¤llt, damit der Starttermin der Gaspreisbremse doch noch vorverlegt werden kann. â€Ich bin aber sicher, dass sie mit Hochdruck prÃ¼fen, ob da noch was gehtâ€œ, so der Wirtschaftsminister. Eine frÃ¼here Umsetzung der Preisbremse dÃ¼rfte jedoch Wunschdenken bleiben.

https://pleiteticker.de/habeck-ueberfordert-gaspreisbremse-vor-maerz-nicht-umzusetzen/

Bitte abonniert Schuberts Lagemeldung: https://t.me/SchubertsLM",-1001355822849,NA,NA,2769,2022-10-25T06:31:48Z,NA,NA,NA,NA,NA,"https://pleiteticker.de/habeck-ueberfordert-gaspreisbremse-vor-maerz-nicht-umzusetzen/, https://t.me/SchubertsLM",MessageMediaWebPage,FALSE,FALSE,NA,NA,NA
33339,@Demotermine,NA,FALSE,57837,2022-04-30T06:26:35Z,"ğŸ“† __Mahnwache fÃ¼r die Grundrechte__
  â¥ [ mehr Infos dazu](https://app.querdenken-711.de/events-calendar/View/952130a7-eca3-46fd-9eeb-eb79b856b713/05-05-2022) 

â  #TermineQD

#BW #Do0505 #Murrhardt

**Raus auf die StraÃŸen ****@Demotermine****!
**ğŸ‘‰ [Ãœbersicht / Overview](https://t.me/Demotermine/19006) ğŸ‘ˆ",-1001250288610,NA,NA,4888,2022-04-30T12:24:42Z,NA,NA,NA,NA,NA,"https://app.querdenken-711.de/events-calendar/View/952130a7-eca3-46fd-9eeb-eb79b856b713/05-05-2022), https://t.me/Demotermine/19006)",MessageMediaPhoto,FALSE,FALSE,NA,NA,NA
1794,@Kampf_fuer_unsere_Zukunft,NA,FALSE,29860,2023-01-26T15:35:28Z,"[Nach Janich-Freilassung: Schwere VorwÃ¼rfe gegen ](https://reitschuster.de/post/nach-janich-freilassung-schwere-vorwuerfe-gegen-behoerden/)[BehÃ¶rden](https://reitschuster.de/post/nach-janich-freilassung-schwere-vorwuerfe-gegen-behoerden/).[
](https://reitschuster.de/post/nach-janich-freilassung-schwere-vorwuerfe-gegen-behoerden/)[Journalist saÃŸ fÃ¼nf Monate in Auslieferungshaft](https://reitschuster.de/post/nach-janich-freilassung-schwere-vorwuerfe-gegen-behoerden/).[
](https://reitschuster.de/post/nach-janich-freilassung-schwere-vorwuerfe-gegen-behoerden/)Laut Anwalt Haintz hat das Bundeskriminalamt absichtlich und wiederholt gelogen, um den kritischen Journalisten in den Philippinen hinter Gittern zu bekommen.

Weiterlesen hier 
â†•ï¸â†•ï¸â†•ï¸https://reitschuster.de/post/nach-janich-freilassung-schwere-vorwuerfe-gegen-behoerden/

**Folgt uns auf Telegram/Hauptkanal**
ğŸ”¥ğŸ”¥ğŸ”¥ğŸ”¥ğŸ”¥ğŸ”¥ğŸ”¥ğŸ”¥ğŸ”¥
https://t.me/Kampf_fuer_unsere_Zukunft

**Chat-Kanal**
â¬‡ï¸â¬‡ï¸â¬‡ï¸â¬‡ï¸
https://t.me/IavYc2SRFdY1OGY6",-1001427459854,NA,NA,6155,2023-01-26T15:40:14Z,NA,NA,NA,NA,NA,"https://reitschuster.de/post/nach-janich-freilassung-schwere-vorwuerfe-gegen-behoerden/)[BehÃ¶rden](https://reitschuster.de/post/nach-janich-freilassung-schwere-vorwuerfe-gegen-behoerden/).[, https://reitschuster.de/post/nach-janich-freilassung-schwere-vorwuerfe-gegen-behoerden/)[Journalist, https://reitschuster.de/post/nach-janich-freilassung-schwere-vorwuerfe-gegen-behoerden/).[, https://reitschuster.de/post/nach-janich-freilassung-schwere-vorwuerfe-gegen-behoerden/)Laut, https://reitschuster.de/post/nach-janich-freilassung-schwere-vorwuerfe-gegen-behoerden/, https://t.me/Kampf_fuer_unsere_Zukunft, https://t.me/IavYc2SRFdY1OGY6",MessageMediaWebPage,FALSE,FALSE,NA,NA,NA
25916,@oliverjanich,NA,FALSE,89332,2022-02-20T10:27:23Z,"**17. Sicherheitsbericht des PEI: mit verkÃ¼rztem Erhebungszeitraum, Ã¼ber 2.200 Myokarditiden & durch Muttermilch betroffene Babys

**Der 17. PEI Sicherheitsbericht enthÃ¤lt lediglich Daten von 4 Wochen fÃ¼r das Jahr 2021. Vermittelt wird von BehÃ¶rden, Politikern und Medien, dass es keine AuffÃ¤lligkeiten gibt, doch alleine die Methodik, die das PEI anwendet, lÃ¤sst keine sinnvollen SchlÃ¼sse aus der Datenauswertung zu. Betroffen sind dieses mal sogar Babys und Kleinkinder, wir sprechen hier von 505 FÃ¤llen bei Kindern unter 5 Jahren.

ğŸ‘€ Beitrag auf dem corona-blog.net
https://corona-blog.net/2022/02/20/17-sicherheitsbericht-des-pei-mit-verkuerztem-erhebungszeitraum-ueber-2-200-myokarditiden-durch-muttermilch-betroffene-babys/

Informiere dich unabhÃ¤ngig #weiterdenken #PandemiederUninformierten
[â¥ Abonniert uns gerne](https://t.me/Corona_ist_nicht_das_Problem)",-1001218998207,NA,NA,29281,NA,NA,Corona_ist_nicht_das_Problem,1339253689,3122,2022-02-20T09:11:35Z,"https://corona-blog.net/2022/02/20/17-sicherheitsbericht-des-pei-mit-verkuerztem-erhebungszeitraum-ueber-2-200-myokarditiden-durch-muttermilch-betroffene-babys/, https://t.me/Corona_ist_nicht_das_Problem)",MessageMediaWebPage,FALSE,FALSE,NA,NA,NA
21654,@SchubertsLM,NA,FALSE,91499,2022-10-17T19:32:18Z,"Das universelle Utensil fÃ¼r Grill- und Outdoorfans

Kochwunder Dutch Oven!

ğŸ”¥Ein echtes Multitalent - Brandneu im Sortiment!ğŸ”¥

Nicht nur seine hervorragende WÃ¤rmeleitfÃ¤higkeit und WÃ¤rmespeicherung machen ihn zum echten Star unter den Outdoor-Kochutensilien, auch seine EinsatzmÃ¶glichkeiten scheinen schier unendlich. 

Der Dutch Oven ist hervorragend geeignet zum Schmoren, Garen oder Backen. Leckere Gerichte wie deftige EintÃ¶pfe, saftige Braten, Suppen, Gulasch, knuspriges Brot und auch Kuchen gelingen mÃ¼helos. Und das Beste: Der Dutch Oven funktioniert auf allen gÃ¤ngigen Koch- und Hitzequellen! 

Ob Kugelgrill mit Gas oder Holzkohle, Feuerschalen, Lagerfeuer, Elektro- oder Gasherd, Backofen und andere: Ein Dutch Oven lÃ¤sst Sie nie im Stich. 

ğŸ”¥In zwei verschiedenen GrÃ¶ÃŸen erhÃ¤ltlich - versandkostenfrei!ğŸ”¥

 https://c.kopp-verlag.de/kopp,verlag_4.html?1=383&3=0&4=&5=&d=https%3A%2F%2Fwww.kopp-verlag.de%2Fa%2Ffeuertopf-%252f-dutch-oven-1",-1001355822849,NA,NA,2220,NA,NA,SchubertsLM,1355822849,64493,2022-03-20T11:47:45Z,"https://c.kopp-verlag.de/kopp,verlag_4.html?1=383&3=0&4=&5=&d=https%3A%2F%2Fwww.kopp-verlag.de%2Fa%2Ffeuertopf-%252f-dutch-oven-1, https://c.kopp-verlag.de/kopp,verlag_4.htm",MessageMediaPhoto,FALSE,FALSE,NA,NA,NA
34058,@Demotermine,NA,FALSE,57077,2022-04-23T02:02:30Z,"ğŸ—“ğŸ‡¦ğŸ‡¹ __Wien â€“ BRAVO Ã–sterreich HÃœTTENZAUBER â€“ TAUSCH-BÃ–RSE__
 â¥ [Hier mehr Infos dazu](https://www.demo-info.at/events/wien-bravo-oesterreich-huettenzauber-tausch-boerse/) 

â  #TermineAT

#AT #Sa2304 #Wien

**Raus auf die StraÃŸen ****@Demotermine****!
**ğŸ‘‰ [Ãœbersicht / Overview](https://t.me/Demotermine/19006) ğŸ‘ˆ",-1001250288610,NA,NA,3744,2022-04-23T02:53:48Z,NA,NA,NA,NA,NA,"https://www.demo-info.at/events/wien-bravo-oesterreich-huettenzauber-tausch-boerse/), https://t.me/Demotermine/19006)",MessageMediaWebPage,FALSE,FALSE,NA,NA,NA
58229,@SchubertsLM,NA,FALSE,53824,2022-01-17T09:42:53Z,"GeschÃ¤ftsmodell Corona ğŸ’‰ğŸ’¶ğŸ’‰ğŸ’¶

âš ï¸Pharmaindustrie: Das MilliardengeschÃ¤ft mit Coronaâš ï¸

Experten erwarten fÃ¼r 2022 weiter steigende UmsÃ¤tze mit Impfstoffen und Medikamenten wieÂ  Paxlovid,Â  Roactemra,Â Dexamethason oderÂ Molnupiravir.      

Der Impfstoff des Mainzer Herstellers Biontech hat der Pharmaindustrie milliardenschwere GeschÃ¤fte beschert. FÃ¼r 2022 werden weiter steigende UmsÃ¤tze erwartet. Auch in Deutschland profitiert die Pharmabranche. Es geht dabei zunehmend auch um Medikamente fÃ¼r Menschen, die mit Corona infiziert sind.     

https://www.berliner-zeitung.de/news/pharmaindustrie-das-milliardengeschaeft-mit-corona-li.206451      

Bitte abonniert Schuberts Lagemeldung: https://t.me/SchubertsLM",-1001355822849,NA,NA,4543,2022-01-17T09:44:04Z,NA,NA,NA,NA,NA,"https://www.berliner-zeitung.de/news/pharmaindustrie-das-milliardengeschaeft-mit-corona-li.206451, https://t.me/SchubertsLM",MessageMediaWebPage,FALSE,FALSE,NA,NA,NA
67380,@oliverjanich,NA,FALSE,45948,2020-12-04T20:05:26Z,"â€¼ **Kipfernberg, Bayern** ğŸ‡©ğŸ‡ª â€¼

Es muss nicht immer Corona ğŸ¦  sein.

@TrueLife18",-1001218998207,NA,NA,39131,NA,NA,TrueLife18,1367831532,6658,2020-12-04T20:01:05Z,NA,MessageMediaPhoto,FALSE,FALSE,NA,NA,NA
40541,@SchubertsLM,NA,FALSE,72083,2022-05-17T20:02:24Z,"Sturmlaterne verzinkt

WiderstandsfÃ¤hig und robust:
Der solide Klassiker unter den Sturmlaternen

Die Sturmlaterne wird seit Ã¼ber 120 Jahren traditionell in dieser Form gefertigt und war auf vielen Expeditionen, Reisen und auch auf hoher See eine unverzichtbare Lichtquelle. 

Durch ihre durchdachte FrischluftzufÃ¼hrung ist die Flamme auch vor starken WindbÃ¶en geschÃ¼tzt, ein VerlÃ¶schen der Flamme ist daher nahezu ausgeschlossen. Die Laterne ist aus galvanisch verzinktem Stahlblech gefertigt und somit auÃŸergewÃ¶hnlich stabil und besonders resistent gegen Rost. 

ğŸ”¥Der Klassiker ist endlich wieder bestellbar - unschlagbares Preis-LeistungsverhÃ¤ltnis!ğŸ”¥

https://c.kopp-verlag.de/kopp,verlag_4.html?1=383&3=0&4=&5=&d=https%3A%2F%2Fwww.kopp-verlag.de%2Fa%2Fsturmlaterne-verzinkt-1",-1001355822849,NA,NA,3383,NA,NA,SchubertsLM,1355822849,57996,2022-02-08T21:59:14Z,"https://c.kopp-verlag.de/kopp,verlag_4.html?1=383&3=0&4=&5=&d=https%3A%2F%2Fwww.kopp-verlag.de%2Fa%2Fsturmlaterne-verzinkt-1, https://c.kopp-verlag.de/kopp,verlag_4.htm",MessageMediaPhoto,FALSE,FALSE,NA,NA,NA
729,@afdbrennpunkt,NA,FALSE,610,2021-11-13T09:09:56Z,"[â€‹â€‹](https://telegra.ph/file/51bf2200f0c753e9256e0.jpg)ğŸ§ğŸ”¥Impf-Irrsinn der Altparteien entlarvt! 7 Tage Deutschland â€“ Ausgabe 43/21 vom 12.11.2021

â–¶ï¸Tino Chrupalla â€“ der AfD-Bundessprecher schaut auf die Corona-Lage in Deutschland und auf die Wirksamkeit der Impfung, die offensichtlich viel geringer ist als uns versprochen wurde.

â–¶ï¸Christine Anderson â€“ die AfD-EU-Abgeordnete spricht Ã¼ber Ihr virales Video zur Corona-Politik der EU und der Bundesregierung. Warum machen die Menschen das alles mit? Eine ihrer zentralen Fragen.

â–¶ï¸Gottfried Curio â€“ der Innenexperte der AfD-Bundestagsfraktion spricht im Podcast Ã¼ber die Verpflichtung Deutschlands, unseren polnischen Nachbarn bei der EindÃ¤mmung der immer hÃ¤ufiger in die EU eindringenden illegalen Migranten behilflich zu sein.

â–¶ï¸Stephan Brandner â€“ Mitglied im AfD-Bundesvorstand und Bundestagsabgeordneter. Er steht, wie wir alle, kopfschÃ¼ttelnd an der ZapfsÃ¤ule und traut seinen Augen bei tÃ¤glich hÃ¶heren Spritpreisen nicht mehr. Wie die AfD die Spritpreise deckeln wÃ¼rde, um die BÃ¼rger zu entlasten, erzÃ¤hlt er im Podcast.

â–¶ï¸Joachim Paul â€“ der Landtagsabgeordnete aus Rheinland-Pfalz und Mitglied im AfD-Bundesvorstand macht sich seine Gedanken zum neuen BuÃŸgeldkatalog, der seit dieser Woche gilt. Drastisch verschÃ¤rfte Strafen? Muss das sein und trifft es die Richtigen?",-1001489385913,NA,NA,16350,2022-02-07T08:50:23Z,NA,NA,NA,NA,NA,https://telegra.ph/file/51bf2200f0c753e9256e0.jpg,MessageMediaWebPage,FALSE,FALSE,NA,NA,NA
14694,@Haintz,NA,FALSE,17798,2021-12-14T17:57:48Z,https://www.youtube.com/watch?v=e6_-UCzGBWI&ab_channel=Weiterdenken-MarburgWDMR,-1001387359927,NA,NA,25469,2021-12-14T17:57:51Z,NA,RA_Friede,1215576205,2255,2021-12-14T17:57:35Z,https://www.youtube.com/watch?v=e6_-UCzGBWI&ab_channel=Weiterdenken-MarburgWDMR,MessageMediaWebPage,FALSE,FALSE,NA,NA,NA
79602,@corona_widerstand_at_de_ch,NA,FALSE,147301,2022-09-15T11:36:35Z,"Nazi-Schwab und seine Polithuren, die die Menschheit total Ã¼berwachen, kontrollieren, enteignen und genozieren wollen â€¼ï¸â€¼ï¸â€¼ï¸â€¼ï¸â€¼ï¸",1243250752,NA,NA,2395,NA,NA,Qanonthetruth1,1152818553,52071,2022-09-15T01:55:20Z,NA,MessageMediaDocument,FALSE,FALSE,NA,NA,NA
58772,@corona_widerstand_at_de_ch,NA,FALSE,173079,2022-11-04T19:03:49Z,"Ein Aufruf von RÃ©info SantÃ© Suisse International ğŸ•ŠğŸ‡¨ğŸ‡­ğŸŒ

**Â«Wir, Ã„rzte, Pfleger, AngehÃ¶rige der Gesundheitsberufe und BÃ¼rger, Ã¤uÃŸern unsere Ablehnung gegenÃ¼ber dem neuen internationalen Pandemievertrag, der von der Weltgesundheitsorganisation (WHO) vorgeschlagen wurde und nichts anderes bedeutet, als die Aneignung der Regierungen und der BevÃ¶lkerung.

Dieses globale Abkommen Ã¼ber zukÃ¼nftige Pandemien wÃ¼rde der WHO Vollmachten verleihen, die es ihr ermÃ¶glichen wÃ¼rden, die Exekutivgewalt der Mitgliedsstaaten zu ersetzen, wobei diese zu bloÃŸen BefehlsempfÃ¤ngern werden wÃ¼rden.

Dieses unnÃ¶tige Abkommen bedroht die SouverÃ¤nitÃ¤t der LÃ¤nder und die grundlegenden Menschenrechte.Â»
**
âœ‰ï¸  âœ‰ï¸  âœ‰ï¸  âœ‰ï¸  âœ‰ï¸  âœ‰ï¸  âœ‰ï¸  âœ‰ï¸  âœ‰ï¸ 

Bitte unterzeichnen Sie den offenen Brief:
https://reinfosante.ch/stopthetreaty

âœ‰ï¸  âœ‰ï¸  âœ‰ï¸  âœ‰ï¸  âœ‰ï¸  âœ‰ï¸  âœ‰ï¸  âœ‰ï¸  âœ‰ï¸",1371264753,NA,NA,90236,NA,NA,gemeinsamschweizch,1425182936,2471,2022-05-16T19:14:29Z,https://reinfosante.ch/stopthetreaty,MessageMediaDocument,FALSE,FALSE,NA,NA,NA
45165,@oliverjanich,NA,FALSE,69016,2021-08-11T01:07:52Z,"""In Deutschland angelangt, wurde die Brigade von den jÃ¼dischen Ã¼berlebenden, denen sie dort begegnete, als VerkÃ¼nder einer bevorstehenden nationalen jÃ¼dischen AutoritÃ¤t in PalÃ¤stina begrÃ¼ÃŸt. Ihr wenig kalkulierbares Verhalten** in Deutschland, im Lande Amaleks**, bewog die Briten, die Truppen alsbald nach Belgien und in die Niederlande zu verlegen.""

https://rotary.de/kultur/deutschland-und-sefarad-a-7245.html",-1001218998207,NA,NA,43248,NA,69015,NA,NA,NA,NA,https://rotary.de/kultur/deutschland-und-sefarad-a-7245.htm,MessageMediaWebPage,FALSE,FALSE,NA,NA,NA
2067,@rechtsanwaeltin_beate_bahner,NA,FALSE,14522,2022-12-08T12:03:59Z,"**Studie aus Heidelberg identifiziert eine tÃ¶dliche Komplikation der mRNA-â€Impfstoffeâ€œ
**
Eine gerade verÃ¶ffentlichte Studie der UniversitÃ¤t Heidelberg ([Clinical Research in Cardiology](https://www.ncbi.nlm.nih.gov/pmc/articles/PMC9702955/pdf/392_2022_Article_2129.pdf)) berichtet, dass bei 5 von 25 untersuchten Menschen, die plÃ¶tzlich und unerwartet nach der â€Impfungâ€œ verstorben sind, eine Vakzin-induzierte Myokarditis die plausibelste Todesursache ist.

Die am Heidelberger Institut fÃ¼r Pathologie analysierten Autopsieergebnisse zeigten, dass akutes arrhythmogenes Herzversagen eine offenbar tÃ¶dliche Komplikation mRNA-basierter Anti-SARS-CoV-2-â€Impfungenâ€œ darstellt. 

Dennoch werden die potentiell tÃ¶dlichen â€Impfstoffeâ€œ, die aktuelle SARS-CoV2 Varianten nicht einmal erfassen, weiterhin von unserer Regierung beworben und selbst Kindern verabreicht. Diese â€Impfstoffeâ€œ mÃ¼ssen sofort vom Markt genommen werden. Und diejenigen, die alle Warnzeichen ignoriert und diese â€Impfungenâ€œ durchgesetzt haben, mÃ¼ssen zur Verantwortung gezogen werden.

[https://t.me/DrKayKlapproth](https://t.me/DrKayKlapproth)",-1001327351212,NA,NA,20374,NA,NA,DrKayKlapproth,1586476165,265,2022-12-07T09:08:56Z,"https://www.ncbi.nlm.nih.gov/pmc/articles/PMC9702955/pdf/392_2022_Article_2129.pdf)), https://t.me/DrKayKlapproth](https://t.me/DrKayKlapproth)",MessageMediaPhoto,FALSE,FALSE,NA,NA,NA
22789,@Klartext2021Gemeinsam,NA,FALSE,1490,2021-06-21T13:24:28Z,"Hura wir leben noch ğŸ¤£ğŸ¤£ğŸ¤£ğŸ¤£
Heute ist es einfach nur erschreckend ersichtlich wie dumm die Erziehung lÃ¤uft...

Ihr wollt die Wahrheit ğŸ‘‡ğŸ‘‡
https://t.me/Klartext2021Gemeinsam",-1001157028875,NA,NA,519,NA,NA,NA,NA,NA,NA,https://t.me/Klartext2021Gemeinsam,MessageMediaPhoto,FALSE,FALSE,NA,NA,NA
2445,@RubikonNews,NA,FALSE,6501,2021-10-30T12:52:45Z,"__Das neue soziale Netzwerk â€the natworkâ€œ soll zum Knotenpunkt fÃ¼r die freie Gesellschaft von morgen werden.__ 
[ â¥ Lesen](https://www.rubikon.news/artikel/die-widerstandszelle), [AnhÃ¶ren](https://www.rubikon.news/artikel/die-widerstandszelle/read), [Ausdrucken](https://www.rubikon.news/artikel/die-widerstandszelle.pdf)!

__Magazin fÃ¼r die kritische Masse__",-1001231443280,NA,NA,16669,NA,NA,NA,NA,NA,NA,"https://www.rubikon.news/artikel/die-widerstandszelle),, https://www.rubikon.news/artikel/die-widerstandszelle/read),, https://www.rubikon.news/artikel/die-widerstandszelle.pdf)!",MessageMediaWebPage,FALSE,FALSE,NA,NA,NA
138527,@corona_widerstand_at_de_ch,NA,FALSE,67800,2022-04-11T21:50:45Z,An was sich leute aufhÃ¤ngen ğŸ‘ğŸ˜‚ ich glaub es ja nicht ğŸ¤£,1037453291,NA,NA,NA,NA,67794,NA,NA,NA,NA,NA,NoneType,FALSE,FALSE,NA,NA,NA
30054,@AllesAusserMainstream,NA,FALSE,4,2020-07-08T20:38:14Z,https://t.me/QUERDENKEN_711/339,-1001311706230,NA,NA,65330,NA,NA,NA,NA,NA,NA,https://t.me/QUERDENKEN_711/339,MessageMediaWebPage,FALSE,FALSE,NA,NA,NA
17869,@freielinkechat,NA,FALSE,92779,2022-02-05T14:20:23Z,Die Krankenkassen sollen also ihre Mitglieder ausspÃ¤hen. Die werden sich freuen.,2055277826,NA,NA,NA,NA,92735,NA,NA,NA,NA,NA,NoneType,FALSE,FALSE,NA,NA,NA
87533,@freielinkechat,NA,FALSE,5579,2020-12-20T15:09:14Z,"Ja, das ist sie. 
VÃ¶llig missbraucht und in der ewigen Projektion IHRER Bedrohung... macht sie alle irre.

Sie hat Soros im Sommer zum 90. via Twitter gratuliert und ihn dabei â€Grandpaâ€œ genannt.
Wurde fix gelÃ¶scht. WeiÃŸ jemand genaueres?",1235128600,NA,NA,NA,NA,5578,NA,NA,NA,NA,NA,NoneType,FALSE,FALSE,NA,NA,NA
15645,@antiilluminaten,NA,FALSE,22047,2021-02-18T10:02:13Z,"**Die Ã–ffnung des 3. Auges

Geheimes Wissen entschlÃ¼sselt**

Inklusive Downloadlink: Mithilfe der Klangsequenzen wird die Aktivierung der ZirbeldrÃ¼se entscheidend gefÃ¶rdert.

Hier beim Kopp-Verlag erhÃ¤ltlich:
[KLICK](https://c.kopp-verlag.de/kopp,verlag_4.html?1=415&3=0&4=&5=&d=https%3A%2F%2Fwww.kopp-verlag.de%2Fa%2Fdie-oeffnung-des-3.-auges-9)",-1001470069005,NA,NA,11825,2021-02-18T10:02:14Z,NA,NA,NA,NA,NA,"https://c.kopp-verlag.de/kopp,verlag_4.htm",MessageMediaPhoto,FALSE,FALSE,NA,NA,NA
5035,@report24news,NA,FALSE,1340,2021-09-29T11:49:10Z,"Die Schweizer Airline SWISS kÃ¼ndigt an, im Januar ungeimpftes Flugpersonal zu entlassen.  
https://report24.news/europaeische-fluggesellschaft-droht-ungeimpftem-personal-mit-kuendigung/?feed_id=5769

â¡ï¸ Immer informiert bleiben? Abonnieren Sie [@report24news](https://t.me/report24news)!",-1001423536154,NA,NA,97078,2021-09-29T11:49:01Z,NA,NA,NA,NA,NA,"https://report24.news/europaeische-fluggesellschaft-droht-ungeimpftem-personal-mit-kuendigung/?feed_id=5769, https://t.me/report24news)!",MessageMediaWebPage,FALSE,FALSE,NA,NA,NA
10533,@doomsday_austria,NA,FALSE,40517,2021-11-12T18:12:33Z,"Die aktuellen Termine fÃ¼r euch. 

Gelb sind wiederkehrende Veranstaltungen, meist SpaziergÃ¤nge
Orange sind GroÃŸveranstaltungen. 
Rot unsichere Veranstaltungen. 
GrÃ¼n sind die neu hinzugefÃ¼gten Veranstaltungen
FÃ¼r Ã„nderungen oder Ã¤hnliches:
@ChrisSbg28 
#demotermine 

https://t.me/DDay_2_0_Austria_Chat
Weitere Demonstrationen, GedenkmÃ¤rsche oder Kundgebungen, bzw. Infos dazu:
https://www.demo-info.at/home/demokalender/
Meine Facebook-Gruppe:
https://www.facebook.com/groups/900801580724898/?ref=share
Corona, MaÃŸnahmen, Demos und Nachrichten Ã–sterreich",1647149991,NA,NA,NA,NA,NA,NA,NA,NA,NA,"https://t.me/DDay_2_0_Austria_Chat, https://www.demo-info.at/home/demokalender/, https://www.facebook.com/groups/900801580724898/?ref=share",MessageMediaPhoto,FALSE,FALSE,NA,NA,NA
23750,macklemachtgutelaune,NA,FALSE,42302,2022-04-02T20:42:04Z,READY TO FIESTA!!!ğŸ¥³ğŸ¥³ğŸ¥³,-1001204275498,NA,NA,53217,2022-04-02T20:42:30Z,NA,RealDonaldoTrumpo,1420364954,8447,2022-04-02T17:55:45Z,NA,MessageMediaPhoto,FALSE,FALSE,NA,NA,NA
16808,@Haintz,NA,FALSE,15487,2021-10-14T15:25:33Z,"+++ Was wirklich hinter den Kulissen passiert: Dr.Wodarg zum (neuen) Umgang mit persÃ¶nlichen Patienten Daten 2021 +++

> FrÃ¼her: PersÃ¶nliche intime Daten -> Arzt/Patient. Absolutes Arztgeheimnis. Schweigepflicht. Menschenrecht. Datenschutz. 
Weitergabe Straftat StGB 203 z.B. 
Das ist de facto Geschichte. 

> Heute: -> Patient Chipkarte Arztpraxis
-> Arztpraxis direkt online Daten, Diagnosen an 
~> Gematik (Chef Ex Pharma Manager)
-> Gematik -> PersÃ¶nliche Patienten Daten an private Firma (Avado). 

Arztgeheimnis? Schweigepflicht?
Damit abgeschafft. . 

Wer als Kassenarzt nicht mitmacht, also die hoch privaten Daten seiner Patienten schÃ¼tzt und nicht systematisch online an letztlich eine private Firma weitergibt, erhÃ¤lt derzeit HonorabzÃ¼ge, also Geldstrafe! 
Und das ist erst der Anfang der Sanktionen. 

Gewusst? NatÃ¼rlich weiÃŸ es keiner. Medien? Fehlanzeige 

AufklÃ¤rung darÃ¼ber in der Arztpraxis? 

Viele KassenÃ¤rzte wehren sich dagegen, werden aber massiv sanktioniert. 

Kassenarzt 2021. 
..",-1001387359927,NA,NA,20623,2021-10-14T15:25:28Z,NA,drguidohofmann,1477504279,10434,2021-09-27T22:45:20Z,NA,MessageMediaDocument,FALSE,FALSE,NA,NA,NA
50718,@freielinkeaustria,NA,FALSE,12943,2021-08-07T16:29:02Z,Die meisten Krankheiten werden erfunden.  https://www.youtube.com/watch?v=sJEeK4dRZKE,1342818043,NA,NA,NA,NA,NA,NA,NA,NA,NA,https://www.youtube.com/watch?v=sJEeK4dRZKE,MessageMediaWebPage,FALSE,FALSE,NA,NA,NA
8185,@ungeimpft,NA,FALSE,3373,2021-03-02T11:29:29Z,NA,-1001478134480,NA,NA,34,NA,NA,Unknown,Unknown,NA,2021-02-24T11:55:28Z,NA,MessageMediaPhoto,FALSE,FALSE,NA,NA,NA
78772,@EvaHermanOffiziell,NA,FALSE,45496,2021-03-04T21:41:54Z,"**Ist schon auffÃ¤llig, wie man jetzt beginnt, die Verwerfungen Berlins laut zusammenzuzÃ¤hlen ...

""Offiziell teilt das Robert Koch-Institut mit, welche LÃ¤nder als besonders gefÃ¤hrlich gelten, die Entscheidungen werden jedoch vom Krisenstab vorbereitet und vom Bundesinnenministerium, dem Gesundheitsministerium und dem AuswÃ¤rtigen Amt getroffen. Man sollte meinen, dass diese Einstufungen auf Basis klarer Zahlen erfolgen.

Aber dem ist lÃ¤ngst nicht immer so. Das belegen Protokolle aus dem Krisenstab, die der SPIEGEL einsehen konnte.""

****https**://www.spiegel.de/politik/deutschland/wie-angela-merkel-und-die-saar-connection-emmanuel-macron-schuetzten-a-96a7565a-ef67-4b5b-a3b4-2bf7dc60e359",-1001325174315,NA,NA,46009,NA,NA,NA,NA,NA,NA,NA,MessageMediaWebPage,FALSE,FALSE,NA,NA,NA
42703,@Demotermine,NA,FALSE,47768,2022-02-14T01:01:57Z,"#Hennef

#NW
#Mo1402 #Mo2102 #Mo2802
#montags

#Do1702 #Do2402 #donnerstags

**Raus auf die StraÃŸen ****@Demotermine****!
**ğŸ‘‰ [Ãœbersicht / Overview](https://t.me/Demotermine/19006) ğŸ‘ˆ",-1001250288610,NA,NA,1702,2022-02-14T05:31:24Z,NA,NA,NA,NA,NA,https://t.me/Demotermine/19006),MessageMediaPhoto,FALSE,FALSE,NA,NA,NA
4015,@FairdenkenOberoesterreich,NA,FALSE,12645,2022-11-24T16:58:45Z,"ğŸ¤¬ **Medizinischer Chefarzt des White House, Dr. Jha: Warten Sie bitte nicht. Holen Sie sich Ihre COVID-Impfung. Lassen Sie sich gegen Grippe impfen. Deshalb hat Gott Ihnen zwei Arme gegeben, eine in jedem Arm!

**â˜ Nicht nur, dass dieser Mensch keine 2 Worte reden kann, ohne abzulesen, ist es wohl mit Abstand das Ekelhafteste, was wir in den letzten Monaten gehÃ¶rt haben!",1403400464,NA,NA,1412,NA,NA,W20WV,1521588549,5732,2022-11-24T14:06:00Z,NA,MessageMediaDocument,FALSE,FALSE,NA,NA,NA
27802,@bleibtstark,NA,FALSE,7510,2020-09-03T08:43:46Z,https://www.kleinezeitung.at/wirtschaft/5861325/17-Millionen-Euro-Schulden_Groesster-Privatkonkurs-jemals-in-Kaernten,-1001279348750,NA,NA,1361,NA,NA,Qparadise,1493572821,26550,2020-09-03T08:26:25Z,https://www.kleinezeitung.at/wirtschaft/5861325/17-Millionen-Euro-Schulden_Groesster-Privatkonkurs-jemals-in-Kaernten,MessageMediaWebPage,FALSE,FALSE,NA,NA,NA
50407,@Demotermine,NA,FALSE,39864,2022-01-17T18:15:31Z,"NÃ¼rnberg sammelt sich zum montÃ¤glichen Spaziergang :)

Video des ganzen Demozuges wird wie immer folgen, muss ihn nur noch filmen,  was hoffentlich noch eine Weile dauert, weil das heiÃŸt, der Demozug ist sehr lang :)

@annaforfreedom

ã€‹The secret to ğ—µğ—®ğ—½ğ—½ğ—¶ğ—»ğ—²ğ˜€ğ˜€ 
is ğ’‡ğ’“ğ’†ğ’†ğ’…ğ’ğ’. The secret to 
ğ’‡ğ’“ğ’†ğ’†ğ’…ğ’ğ’ is ğ—°ğ—¼ğ˜‚ğ—¿ğ—®ğ—´ğ—².ã€Š

**Raus auf die StraÃŸen ****@Demotermine****!
**ğŸ‘‰ [Ãœbersicht / Overview](https://t.me/Demotermine/19006) ğŸ‘ˆ",-1001250288610,NA,NA,4155,2022-01-17T18:15:59Z,NA,NA,NA,NA,NA,https://t.me/Demotermine/19006),MessageMediaDocument,FALSE,FALSE,NA,NA,NA
10277,@MartinRutter,NA,FALSE,2001,2021-07-03T22:36:05Z,"#Mutter 2er Kinder.
Schreckliche Meldungen die da rein kommen...

Lies selbst und leite diese Informationen an Freunde und Bekannte weiter!
Du kannst damit Leben retten:
https://t.me/Impfschaden_D_AUT_CH

Lg
Martin Rutter
Mehr IMPFOPFER findest du JETZT in diesem Kanal unter t.me/PatriotMR",-1001468476828,NA,NA,12378,2022-12-01T19:16:57Z,NA,NA,NA,NA,NA,https://t.me/Impfschaden_D_AUT_CH,MessageMediaPhoto,FALSE,FALSE,NA,NA,NA
78467,@EvaHermanOffiziell,NA,FALSE,45833,2021-03-07T15:41:51Z,https://www.youtube.com/watch?v=lnKNZYcssx8,-1001325174315,NA,NA,43413,NA,NA,NA,NA,NA,NA,https://www.youtube.com/watch?v=lnKNZYcssx8,MessageMediaWebPage,FALSE,FALSE,NA,NA,NA
48,RASattelmaier,NA,FALSE,2521,2023-02-17T05:45:33Z,"â—ï¸Deutscher Richter: â€Die Impfung hÃ¤tte mich fast umgebrachtâ€œâ—ï¸ 

Auf Wunsch seines Dienstherrn hat sich der Richter am Verwaltungsgericht Greifswald Arne Tank impfen lassen. Mit vermeintlich schweren Folgen wie er bei BILD.TV berichtet. 

â€Es wurde von uns erwartet, das wir uns impfen lassenâ€œ 

So sieht leider keine UnabhÃ¤ngigkeit der Richterschaft aus. 

https://youtu.be/glrQt_vpDXc

Mein Kanal:
https://t.me/RASattelmaier",-1001230806856,NA,NA,113494,2023-02-17T05:48:36Z,NA,NA,NA,NA,NA,"https://youtu.be/glrQt_vpDXc, https://t.me/RASattelmaier",MessageMediaWebPage,FALSE,FALSE,NA,NA,NA
60723,@SchubertsLM,NA,FALSE,51238,2022-01-02T16:17:23Z,"**Rewe-Chef warnt
""Auch im Lebensmittelhandel sind LieferengpÃ¤sse in Deutschland inzwischen Alltag""**     

**Die Supermarktkette ReweÂ macht die Industrie fÃ¼r steigende Preise und wachsende Lieferprobleme in der Lebensmittelbranche verantwortlich. Konzernchef Souque Ã¼bt deutliche Kritik. Es gebe Hersteller, die nur auf der Preiswelle mitreiten wollen.**    

**Auch in Deutschland sind LieferengpÃ¤sse inzwischen Alltag

**Der Manager klagte gleichzeitig Ã¼ber wachsende Lieferprobleme. ""Auch im Lebensmittelhandel sind LieferengpÃ¤sse in Deutschland inzwischen Alltag. In vielen Wochen werden zurzeit von der Industrie weniger als 90 Prozent der bestellten Lebensmittel geliefert. Das ist vÃ¶llig ungewÃ¶hnlich und teilweise inakzeptabel"", sagte er.     

https://www.focus.de/finanzen/news/hersteller-nutzen-situation-aus-rewe-chef-uebt-kritik-gab-noch-nie-so-viele-forderungen-nach-preiserhoehungen_id_32815392.html     

Bitte abonniert Schuberts Lagemeldung: https://t.me/SchubertsLM",-1001355822849,NA,NA,4522,2022-01-02T16:17:59Z,NA,NA,NA,NA,NA,"https://www.focus.de/finanzen/news/hersteller-nutzen-situation-aus-rewe-chef-uebt-kritik-gab-noch-nie-so-viele-forderungen-nach-preiserhoehungen_id_32815392.htm, https://t.me/SchubertsLM",MessageMediaWebPage,FALSE,FALSE,NA,NA,NA
88195,@EvaHermanOffiziell,NA,FALSE,34988,2020-11-30T12:22:52Z,"ğŸ‡ºğŸ‡¸ğŸ”µ  Wisconsin: Abgeschlossene NachzÃ¤hlung bestÃ¤tigt Bidens ""Sieg Ã¼ber Trump""

ğŸ”¸ Anmerkung: Amy Coney Barrett, unsere Lieblingsrichterin des obersten Gerichtshofes der USA ist Ã¼brigens seit kurzem Wisconsin zugeteilt worden. Auch Wisconsin wird voraussichtlich wie alle anderen Swing-States mit groÃŸer Wahrscheinlichkeit an Trump gehen.",-1001325174315,NA,NA,36858,NA,NA,NA,1243195738,471,2020-11-30T06:17:01Z,NA,NoneType,FALSE,FALSE,NA,NA,NA
219,@ExpressZeitung,NA,FALSE,12731,2023-02-09T08:51:37Z,"Ein [SchÃ¼ler] in Kanada wurde [...] **verhaftet**, nachdem er **suspendiert worden war**, weil er gegen die Benutzung von Toiletten durch Transgender-Personen protestiert und **behauptet hatte, es gÃ¤be nur zwei Geschlechter** [...]

Die Polizei von Ontario hat ihn verhaftet und angeklagt, nachdem er versucht hatte, unter VerstoÃŸ gegen eine Ausschlussanordnung am Unterricht teilzunehmen. [...] 

""Beleidigung wird offensichtlich von demjenigen definiert, der beleidigt wurde"", sagte Alexander der Epoch Times. ""Ich habe meine religiÃ¶sen Ãœberzeugungen im Unterricht geÃ¤uÃŸert, und die Sache geriet auÃŸer Kontrolle. Das wird nicht jedem gefallen. [...] Es bedeutet nicht, dass ich jemanden belÃ¤stige. Sie drÃ¼cken ihre Ãœberzeugungen aus und ich meine. Meine passen offensichtlich nicht in das Narrativ."""" ([NYP](https://nypost.com/2023/02/07/josh-alexander-arrested-after-school-suspension-for-trans-views/))

**Passend dazu:
** [Themenheft zu Gender Mainstreaming](https://www.expresszeitung.com/ausgabe-26-gender-mainstreaming/ez00026.2).

**Eine Ausgabe â€¢ Ein Thema â€¢ Ein Mosaikstein hin zum groÃŸen Bild
**ğŸ“¬ [Jetzt abonnieren!
](https://www.expresszeitung.com/jahresabo/ez-ab-10001.1)ğŸ“¢** **[Jetzt aktiv werden!
](https://www.expresszeitung.com/aktiv-werden/)ğŸ’¬ t.me/ExpressZeitung",-1001267138510,NA,NA,19883,NA,NA,NA,NA,NA,NA,"https://nypost.com/2023/02/07/josh-alexander-arrested-after-school-suspension-for-trans-views/)), https://www.expresszeitung.com/ausgabe-26-gender-mainstreaming/ez00026.2)., https://www.expresszeitung.com/jahresabo/ez-ab-10001.1)ğŸ“¢**, https://www.expresszeitung.com/aktiv-werden/)ğŸ’¬",MessageMediaPhoto,FALSE,FALSE,NA,NA,NA
